{
    "camera": {
        "cx": 325.1,
        "cy": 249.7,
        "fx": 520.9,
        "fy": 521.0
    },
    "points2d": [
        [
            231.60000610351563,
            219.60000610351563
        ],
        [
            414.0,
            188.0
        ],
        [
            135.0,
            182.0
        ],
        [
            65.0,
            308.0
        ],
        [
            500.0,
            263.0
        ],
        [
            323.0,
            109.0
        ],
        [
            61.0,
            287.0
        ],
        [
            350.4000244140625,
            231.60000610351563
        ],
        [
            279.0,
            236.0
        ],
        [
            64.0,
            301.0
        ],
        [
            510.0,
            266.0
        ],
        [
            185.0,
            292.0
        ],
        [
            37.0,
            264.0
        ],
        [
            231.60000610351563,
            219.60000610351563
        ],
        [
            421.20001220703125,
            188.40000915527344
        ],
        [
            324.0,
            111.60000610351563
        ],
        [
            337.20001220703125,
            114.00000762939453
        ],
        [
            499.20001220703125,
            262.8000183105469
        ],
        [
            50.400001525878906,
            273.6000061035156
        ],
        [
            349.9200134277344,
            230.40000915527344
        ],
        [
            278.4000244140625,
            236.40000915527344
        ],
        [
            502.8000183105469,
            262.8000183105469
        ],
        [
            414.0,
            188.0
        ],
        [
            62.400001525878906,
            289.20001220703125
        ],
        [
            185.0,
            292.0
        ],
        [
            231.55201721191406,
            219.45602416992188
        ],
        [
            501.1200256347656,
            267.8399963378906
        ],
        [
            420.4800109863281,
            187.20001220703125
        ],
        [
            413.280029296875,
            187.20001220703125
        ],
        [
            349.9200134277344,
            230.40000915527344
        ],
        [
            277.9200134277344,
            236.16000366210938
        ],
        [
            184.32000732421875,
            290.8800048828125
        ],
        [
            135.36000061035156,
            182.8800048828125
        ],
        [
            52.80000305175781,
            302.4000244140625
        ],
        [
            501.12005615234375,
            269.5680236816406
        ],
        [
            502.8480529785156,
            262.6560363769531
        ],
        [
            321.40802001953125,
            105.40801239013672
        ],
        [
            349.0560302734375,
            229.8240203857422
        ],
        [
            419.904052734375,
            188.35202026367188
        ],
        [
            413.280029296875,
            187.20001220703125
        ],
        [
            324.8640441894531,
            110.59201049804688
        ],
        [
            46.08000183105469,
            273.6000061035156
        ],
        [
            55.29600524902344,
            273.0240173339844
        ],
        [
            231.55201721191406,
            219.45602416992188
        ],
        [
            184.32000732421875,
            290.8800048828125
        ],
        [
            205.63201904296875,
            267.84002685546875
        ],
        [
            278.2080383300781,
            235.00802612304688
        ],
        [
            232.24322509765625,
            217.72802734375
        ],
        [
            350.4384460449219,
            230.1696319580078
        ],
        [
            418.86724853515625,
            186.6240234375
        ],
        [
            205.2864227294922,
            265.42083740234375
        ],
        [
            151.37281799316406,
            240.53762817382813
        ],
        [
            184.89601135253906,
            290.30401611328125
        ],
        [
            350.4384460449219,
            230.1696319580078
        ],
        [
            231.413818359375,
            218.9722137451172
        ],
        [
            136.85763549804688,
            236.3904571533203
        ],
        [
            281.18023681640625,
            236.3904571533203
        ],
        [
            343.38824462890625,
            364.2901611328125
        ],
        [
            346.3742370605469,
            226.93484497070313
        ],
        [
            232.9068145751953,
            217.97689819335938
        ],
        [
            217.97689819335938,
            194.08901977539063
        ],
        [
            218.9722137451172,
            186.62403869628906
        ],
        [
            349.3602294921875,
            367.276123046875
        ],
        [
            280.68255615234375,
            235.89279174804688
        ],
        [
            354.7350158691406,
            365.48455810546875
        ],
        [
            343.9854736328125,
            365.48455810546875
        ],
        [
            232.9068145751953,
            214.99090576171875
        ],
        [
            347.5686340332031,
            225.74046325683594
        ],
        [
            283.0713806152344,
            236.49000549316406
        ],
        [
            139.7440948486328,
            236.49000549316406
        ],
        [
            150.49363708496094,
            243.6563720703125
        ],
        [
            272.3218078613281,
            250.82272338867188
        ],
        [
            186.32545471191406,
            290.23773193359375
        ],
        [
            347.5686340332031,
            336.819091796875
        ],
        [
            333.23590087890625,
            240.07318115234375
        ]
    ],